﻿<?xml version="1.0" encoding="utf-8"?><extension type="module" version="3.1.0" client="site" method="upgrade">    <name>Deeno Contact Form</name>    <author>Deeno Web Design</author>    <version>1.0.0</version>    <description>Deeno Contact Form</description>    <files>        <filename>mod_deenoform.xml</filename>        <filename module="mod_DeenoForm">mod_deenoform.php</filename>        <filename>index.html</filename>        <filename>helper.php</filename>        <filename>tmpl/default.php</filename>        <filename>tmpl/index.html</filename>		<filename>tmpl/deenoform.css</filename>        <filename>tmpl/app.js</filename>        <filename>tmpl/mailer.php</filename>        <filename>tmpl/jquery-2.1.0.min.js</filename>    </files>    <config>    </config></extension>